Production_Order_ID,Date,Shift,Product_Line,Batch_Size_kg,Planned_Output_kg,Actual_Output_kg,Downtime_Minutes,Machine_ID,Quality_Defects_Count,Raw_Material_In_kg,Raw_Material_Waste_kg,Energy_Consumption_kWh,Labor_Hours,Cost_of_Production_USD,Egg_Hatch_Rate_%,Larvae_Survival_Rate_%,Bioconversion_Rate,Yield_Rate_%,Protein_Content_%,Lauric_Acid_%
PO1000,2024-01-01,Night,Protein Meal,1003,854,1400,34,M05,4,1395,75,61,13,2874,75.92,80.8,0.267,72.76,40.06,35.94
PO1001,2024-01-02,Morning,Protein Meal,1446,1305,548,7,M02,4,1496,187,256,12,1394,82.09,82.99,0.212,89.53,46.11,33.92
PO1002,2024-01-03,Night,Insect Oil,1073,1321,736,15,M03,2,809,76,272,8,2644,80.73,69.12,0.222,66.82,45.55,38.46
PO1003,2024-01-04,Night,Protein Meal,1964,1380,698,105,M05,5,1415,131,232,5,1012,71.87,84.35,0.151,88.94,48.11,28.39
PO1004,2024-01-05,Morning,Protein Meal,693,1101,1309,35,M05,1,1208,129,255,8,715,72.65,68.82,0.257,79.69,39.66,39.13
PO1005,2024-01-06,Morning,Insect Oil,1346,1033,1042,29,M02,3,1046,58,60,13,2672,90.94,73.39,0.19,86.68,52.29,30.82
PO1006,2024-01-07,Night,Protein Meal,1214,529,727,17,M02,2,1059,154,203,6,2206,76.0,81.81,0.349,84.98,41.19,32.1
PO1007,2024-01-08,Evening,Insect Oil,1915,1419,1248,1,M05,2,1567,26,91,7,2606,74.87,80.79,0.22,67.26,48.88,36.2
PO1008,2024-01-09,Night,Protein Meal,1549,1786,1265,48,M01,1,1071,78,204,14,2067,82.62,89.62,0.221,79.91,35.32,20.46
PO1009,2024-01-10,Night,Protein Meal,1958,1218,876,76,M05,3,969,71,60,12,2708,89.22,66.75,0.241,90.37,42.45,36.35
PO1010,2024-01-11,Night,Biofertilizer,672,1092,1526,3,M05,3,1499,6,87,10,2831,71.55,79.87,0.329,75.12,42.03,35.46
PO1011,2024-01-12,Night,Protein Meal,1823,1715,1083,89,M02,3,2115,190,147,12,2653,84.42,78.29,0.3,93.83,45.87,27.75
PO1012,2024-01-13,Morning,Protein Meal,825,1794,555,88,M02,3,1522,110,220,11,1628,72.98,87.45,0.213,75.83,36.45,22.14
PO1013,2024-01-14,Night,Insect Oil,1933,1193,804,93,M05,0,736,118,68,9,727,70.91,64.69,0.28,65.0,50.8,22.27
PO1014,2024-01-15,Evening,Insect Oil,1641,428,1646,74,M05,6,966,173,241,13,2865,71.32,82.55,0.247,73.63,39.36,43.08
PO1015,2024-01-16,Morning,Protein Meal,1335,548,1609,6,M05,2,1511,62,183,8,1987,90.85,77.05,0.223,93.31,48.54,37.23
PO1016,2024-01-17,Evening,Insect Oil,1223,1719,870,94,M02,3,783,123,223,10,1301,72.95,68.24,0.148,71.19,51.06,23.18
PO1017,2024-01-18,Evening,Protein Meal,724,410,1366,107,M05,4,1910,11,165,6,2122,71.13,74.23,0.216,90.38,46.24,28.92
PO1018,2024-01-19,Evening,Protein Meal,1031,1075,1305,73,M05,2,1071,140,279,6,2405,80.95,70.01,0.161,90.84,49.82,34.81
PO1019,2024-01-20,Evening,Insect Oil,612,1536,1075,38,M04,4,1998,42,162,6,971,91.1,77.38,0.329,72.26,48.24,40.89
PO1020,2024-01-21,Morning,Insect Oil,639,586,1363,12,M01,2,1253,16,219,14,1579,76.56,86.67,0.184,62.91,42.11,21.09
PO1021,2024-01-22,Morning,Insect Oil,1058,1206,850,30,M03,5,1348,62,269,11,2560,80.54,77.08,0.338,85.36,51.18,25.92
PO1022,2024-01-23,Evening,Insect Oil,500,1143,466,70,M01,4,1136,119,114,6,1541,71.0,78.95,0.233,70.9,40.89,42.24
PO1023,2024-01-24,Evening,Biofertilizer,589,1650,735,62,M04,2,2134,35,148,6,2660,81.23,75.56,0.258,87.4,46.42,20.23
PO1024,2024-01-25,Morning,Insect Oil,1153,1733,1717,55,M03,4,1401,7,281,13,728,84.44,61.53,0.236,75.49,49.91,25.03
PO1025,2024-01-26,Morning,Protein Meal,819,497,933,112,M05,5,1873,68,121,11,670,84.27,66.99,0.132,76.98,42.58,43.98
PO1026,2024-01-27,Morning,Insect Oil,638,454,744,41,M04,2,1519,89,236,7,794,78.31,74.76,0.194,87.23,41.06,35.34
PO1027,2024-01-28,Night,Protein Meal,1344,1022,1437,60,M05,0,1109,35,101,7,688,77.89,69.31,0.125,73.38,44.19,26.54
PO1028,2024-01-29,Night,Protein Meal,758,1063,1070,41,M02,4,1229,27,167,11,925,72.67,65.45,0.256,75.51,51.36,21.67
PO1029,2024-01-30,Night,Protein Meal,1401,1157,421,55,M04,1,1601,117,224,9,1476,79.17,75.12,0.212,73.17,53.6,20.7
PO1030,2024-01-31,Evening,Protein Meal,1189,805,623,35,M02,3,1696,92,169,14,1602,72.49,69.68,0.294,72.86,45.9,26.12
PO1031,2024-02-01,Night,Biofertilizer,509,468,1693,83,M04,4,1905,174,56,10,1418,89.16,67.74,0.155,78.41,48.23,42.04
PO1032,2024-02-02,Evening,Biofertilizer,760,1735,687,67,M04,1,1515,75,60,12,998,94.16,73.92,0.141,88.31,53.07,30.4
PO1033,2024-02-03,Evening,Insect Oil,671,1712,1739,117,M02,3,1983,100,152,13,2321,94.25,64.0,0.202,72.66,36.97,38.01
PO1034,2024-02-04,Night,Protein Meal,1397,1150,956,6,M03,2,1633,157,110,5,1365,91.63,87.83,0.332,78.35,39.64,42.96
PO1035,2024-02-05,Evening,Protein Meal,512,1571,515,53,M01,2,1834,150,117,7,1325,85.02,86.03,0.278,83.48,49.18,30.2
PO1036,2024-02-06,Night,Protein Meal,1691,1667,360,0,M05,3,751,143,202,11,2358,87.52,81.23,0.205,69.43,51.47,24.78
PO1037,2024-02-07,Night,Protein Meal,820,1357,1674,43,M04,1,1628,13,189,10,2618,77.13,63.19,0.229,69.71,52.14,32.93
PO1038,2024-02-08,Morning,Insect Oil,1842,764,1078,119,M05,5,1818,70,203,11,2795,85.77,83.28,0.121,92.67,43.3,42.7
PO1039,2024-02-09,Night,Insect Oil,828,881,1150,44,M02,7,1906,179,151,12,645,81.39,84.24,0.346,85.32,36.79,40.11
PO1040,2024-02-10,Morning,Insect Oil,1284,600,451,105,M05,1,1063,123,159,10,2141,82.05,83.03,0.267,80.2,43.76,21.65
PO1041,2024-02-11,Night,Protein Meal,1276,553,1128,46,M02,1,1736,124,189,7,1819,88.94,63.42,0.171,82.67,39.61,37.31
PO1042,2024-02-12,Night,Biofertilizer,1410,472,563,12,M05,0,870,36,220,6,969,77.05,79.32,0.246,61.03,40.82,34.3
PO1043,2024-02-13,Morning,Insect Oil,1942,1112,1461,118,M01,3,1786,28,100,11,692,77.95,85.03,0.127,81.63,50.45,42.69
PO1044,2024-02-14,Morning,Insect Oil,1618,695,750,21,M01,3,1059,194,166,5,1591,93.12,77.32,0.341,77.83,36.51,23.06
PO1045,2024-02-15,Night,Insect Oil,817,1440,937,117,M01,6,704,142,214,7,551,71.41,79.39,0.144,79.1,51.55,33.35
PO1046,2024-02-16,Evening,Protein Meal,735,1640,1238,20,M01,3,2179,174,95,8,2910,82.14,73.75,0.262,72.58,43.55,41.99
PO1047,2024-02-17,Morning,Protein Meal,833,460,1419,85,M01,4,1905,173,102,5,2320,92.82,75.86,0.161,62.85,46.92,30.25
PO1048,2024-02-18,Evening,Protein Meal,875,1338,941,91,M01,3,761,179,137,9,2369,85.26,61.03,0.279,66.77,36.79,32.05
PO1049,2024-02-19,Evening,Insect Oil,1982,441,1683,8,M02,3,950,18,257,14,2286,83.66,79.17,0.294,93.28,41.75,21.76
PO1050,2024-02-20,Evening,Protein Meal,1660,424,1459,25,M04,3,1033,105,170,7,1954,76.24,62.44,0.268,74.3,36.79,26.95
PO1051,2024-02-21,Morning,Protein Meal,1087,1462,441,8,M05,1,1451,20,62,6,2367,78.58,73.05,0.254,76.33,54.23,28.11
PO1052,2024-02-22,Evening,Protein Meal,1012,530,1022,14,M01,1,739,63,138,7,2507,91.3,68.78,0.323,61.84,51.15,43.63
PO1053,2024-02-23,Morning,Protein Meal,1819,1652,1063,9,M02,5,2094,164,174,12,1934,83.98,76.36,0.12,61.31,44.19,27.07
PO1054,2024-02-24,Evening,Biofertilizer,1843,507,1285,87,M02,3,1755,26,167,10,1339,82.87,64.0,0.183,85.1,39.47,31.52
PO1055,2024-02-25,Night,Insect Oil,1417,571,591,41,M02,3,686,54,103,11,740,72.49,80.75,0.162,78.83,53.67,36.78
PO1056,2024-02-26,Night,Protein Meal,1872,501,351,71,M04,2,782,28,234,10,1035,70.4,83.85,0.347,77.8,41.89,24.05
PO1057,2024-02-27,Morning,Protein Meal,1372,1265,574,23,M05,0,967,147,165,10,1907,94.09,64.9,0.197,68.51,38.22,32.16
PO1058,2024-02-28,Night,Protein Meal,1752,923,1150,79,M04,4,728,24,167,7,582,79.42,63.13,0.283,86.07,46.26,38.46
PO1059,2024-02-29,Night,Protein Meal,769,674,938,48,M03,4,1869,69,53,12,1481,85.08,64.37,0.271,65.89,53.88,41.67
PO1060,2024-03-01,Evening,Protein Meal,1297,1467,465,25,M02,3,1269,62,124,11,1450,71.99,86.31,0.153,66.65,35.08,35.66
PO1061,2024-03-02,Morning,Protein Meal,1814,1216,1267,90,M03,4,2001,163,273,11,1110,87.08,75.85,0.16,76.12,39.76,36.73
PO1062,2024-03-03,Evening,Protein Meal,1224,1356,1476,36,M01,2,748,129,98,10,1073,93.31,74.02,0.17,70.02,53.77,23.16
PO1063,2024-03-04,Evening,Insect Oil,1688,1440,543,67,M01,4,1584,149,56,9,2833,84.39,63.2,0.203,68.66,38.42,43.64
PO1064,2024-03-05,Evening,Insect Oil,504,729,1539,49,M04,2,1451,15,159,14,1488,73.15,79.49,0.159,82.58,37.26,23.31
PO1065,2024-03-06,Evening,Protein Meal,1350,411,1220,23,M05,1,2056,145,171,12,958,84.54,86.04,0.105,82.78,46.4,39.37
PO1066,2024-03-07,Evening,Protein Meal,1902,1741,439,18,M03,3,1227,196,60,9,2673,89.16,84.85,0.32,88.86,52.24,26.62
PO1067,2024-03-08,Evening,Insect Oil,577,615,471,99,M05,5,2092,181,141,13,2022,80.16,78.78,0.341,74.62,44.54,43.34
PO1068,2024-03-09,Evening,Insect Oil,1933,738,492,59,M04,4,1045,99,231,13,2972,92.0,62.26,0.185,62.56,54.89,38.0
PO1069,2024-03-10,Morning,Biofertilizer,1073,1060,1343,38,M01,2,2104,29,282,5,2484,86.22,63.37,0.185,69.58,48.58,38.85
PO1070,2024-03-11,Night,Insect Oil,631,1504,455,73,M05,5,1483,44,264,10,2066,92.48,61.48,0.102,94.3,36.48,25.48
PO1071,2024-03-12,Evening,Protein Meal,1100,773,1236,88,M05,4,893,18,222,11,2659,85.59,67.72,0.27,80.87,54.86,31.08
PO1072,2024-03-13,Evening,Protein Meal,1565,1375,777,17,M01,6,1766,33,72,7,2949,73.28,64.07,0.306,84.84,43.16,35.45
PO1073,2024-03-14,Evening,Insect Oil,588,1109,1678,18,M03,1,849,140,291,11,621,77.74,67.8,0.137,60.26,40.75,39.25
PO1074,2024-03-15,Evening,Protein Meal,901,1623,666,35,M01,1,1477,170,77,11,772,75.04,71.55,0.14,78.14,46.16,22.6
PO1075,2024-03-16,Evening,Insect Oil,795,865,984,73,M05,8,1547,61,284,6,1817,92.72,88.29,0.298,61.31,41.09,44.06
PO1076,2024-03-17,Evening,Biofertilizer,1818,1512,358,96,M03,1,1574,117,160,11,897,89.01,78.31,0.254,79.92,36.73,42.26
PO1077,2024-03-18,Night,Insect Oil,1115,1691,1123,54,M03,5,1925,99,106,5,1484,86.91,85.05,0.111,92.23,35.03,26.76
PO1078,2024-03-19,Night,Protein Meal,1299,888,1446,113,M01,3,1648,21,75,9,1730,77.52,81.31,0.256,93.89,43.99,40.57
PO1079,2024-03-20,Evening,Insect Oil,921,446,1732,68,M05,4,1388,179,202,13,1633,74.6,63.38,0.177,78.92,51.74,32.96
PO1080,2024-03-21,Night,Protein Meal,1546,1711,572,46,M04,3,1583,179,103,11,1801,88.91,82.08,0.192,76.04,46.45,31.55
PO1081,2024-03-22,Morning,Insect Oil,1074,1177,902,48,M05,1,1488,110,78,11,2410,81.85,68.25,0.292,93.08,54.98,27.86
PO1082,2024-03-23,Evening,Biofertilizer,642,1439,1743,98,M02,1,1489,163,260,6,2005,75.64,79.17,0.303,83.58,40.74,34.52
PO1083,2024-03-24,Morning,Protein Meal,1492,1110,1065,107,M04,3,669,72,146,12,2416,85.42,70.23,0.2,62.27,40.61,38.25
PO1084,2024-03-25,Morning,Biofertilizer,1164,800,1637,97,M03,1,1224,146,213,7,1319,71.01,89.93,0.337,76.3,38.19,30.27
PO1085,2024-03-26,Evening,Biofertilizer,644,1380,1691,32,M04,4,1474,37,63,12,2456,78.15,67.91,0.202,68.41,38.28,35.73
PO1086,2024-03-27,Night,Protein Meal,1748,1509,1457,118,M03,0,1735,69,127,7,2868,81.71,68.37,0.293,76.44,40.7,37.48
PO1087,2024-03-28,Morning,Protein Meal,1506,649,1691,20,M03,3,1987,115,84,14,678,73.7,87.92,0.221,75.94,50.86,37.78
PO1088,2024-03-29,Evening,Protein Meal,1002,790,460,80,M04,5,1926,78,79,11,1396,94.62,60.74,0.324,80.38,53.12,21.3
PO1089,2024-03-30,Morning,Protein Meal,1320,734,600,21,M03,2,1070,184,141,6,2766,75.23,80.9,0.327,72.49,54.5,41.49
PO1090,2024-03-31,Morning,Protein Meal,603,1028,732,47,M03,3,690,147,66,8,2472,73.26,81.76,0.122,65.75,39.65,31.46
PO1091,2024-04-01,Morning,Insect Oil,1562,536,356,36,M02,3,1129,8,244,10,2051,75.09,85.09,0.334,77.63,52.63,26.56
PO1092,2024-04-02,Morning,Protein Meal,697,1282,808,14,M05,1,1260,31,257,13,991,89.23,89.23,0.306,89.06,41.57,26.04
PO1093,2024-04-03,Night,Protein Meal,1078,1087,1457,34,M05,3,1338,131,287,9,560,80.64,89.27,0.298,83.24,37.26,32.08
PO1094,2024-04-04,Morning,Biofertilizer,890,1226,557,91,M02,4,1325,49,207,13,1577,84.14,61.96,0.15,71.84,52.4,42.17
PO1095,2024-04-05,Morning,Protein Meal,1702,1126,1249,70,M04,2,1471,81,293,9,2203,70.53,84.66,0.301,92.74,47.72,29.46
PO1096,2024-04-06,Morning,Biofertilizer,1053,993,1687,31,M01,0,791,4,142,14,564,70.86,79.39,0.313,91.93,38.29,38.74
PO1097,2024-04-07,Night,Protein Meal,1971,1646,371,10,M01,5,2175,147,222,12,1085,81.15,79.42,0.172,67.33,43.6,22.42
PO1098,2024-04-08,Morning,Protein Meal,1538,1389,759,9,M01,4,1865,86,128,5,2227,90.42,63.85,0.338,61.38,40.75,31.9
PO1099,2024-04-09,Morning,Insect Oil,1812,771,1244,72,M02,3,737,125,159,11,2718,92.13,79.51,0.112,85.95,49.74,44.79
PO1100,2024-04-10,Night,Insect Oil,977,1334,864,77,M02,3,944,74,297,8,1034,72.17,89.47,0.137,88.97,44.07,39.26
PO1101,2024-04-11,Night,Biofertilizer,1754,1394,1500,76,M03,3,1803,164,266,9,2655,83.46,87.35,0.234,93.88,54.79,25.26
PO1102,2024-04-12,Night,Insect Oil,1422,801,1158,56,M01,4,1608,21,228,10,2370,92.83,73.17,0.244,91.14,36.09,32.54
PO1103,2024-04-13,Morning,Biofertilizer,919,1014,1223,24,M04,3,1102,185,151,9,1504,79.7,61.2,0.261,81.02,42.1,25.84
PO1104,2024-04-14,Night,Protein Meal,656,1696,363,1,M04,4,802,67,155,5,2999,90.74,70.87,0.104,78.55,44.64,30.24
PO1105,2024-04-15,Night,Protein Meal,1049,1582,1320,63,M01,2,1172,43,96,13,1729,73.34,84.79,0.34,60.97,45.06,39.5
PO1106,2024-04-16,Morning,Insect Oil,1964,1575,1327,34,M01,2,791,33,230,6,1539,93.38,81.04,0.111,68.63,41.32,39.28
PO1107,2024-04-17,Night,Biofertilizer,1620,1394,1363,6,M01,2,604,76,113,13,826,88.79,73.78,0.136,76.09,49.58,25.7
PO1108,2024-04-18,Morning,Biofertilizer,1520,1019,1385,84,M02,3,1860,41,295,14,1107,93.53,61.65,0.104,82.0,52.49,43.06
PO1109,2024-04-19,Evening,Protein Meal,1496,587,436,17,M02,4,910,136,293,6,501,86.92,72.81,0.242,79.5,53.77,34.81
PO1110,2024-04-20,Night,Protein Meal,1934,1521,1258,66,M02,5,1148,105,299,13,1533,79.09,74.07,0.333,85.99,51.1,29.5
PO1111,2024-04-21,Evening,Insect Oil,1450,530,1674,41,M05,6,655,94,215,10,2981,93.45,87.86,0.266,69.79,52.01,32.55
PO1112,2024-04-22,Morning,Protein Meal,788,1204,1616,117,M04,2,1042,134,113,13,624,76.89,79.23,0.306,79.77,46.01,35.13
PO1113,2024-04-23,Night,Biofertilizer,1777,1594,471,38,M04,2,1860,67,136,10,1604,78.3,69.35,0.103,63.08,51.52,34.0
PO1114,2024-04-24,Morning,Biofertilizer,695,1335,1520,40,M03,2,1469,146,266,10,2361,87.52,75.76,0.236,74.48,41.07,32.16
PO1115,2024-04-25,Evening,Protein Meal,1097,1385,1099,112,M02,5,1820,158,283,6,1673,89.13,61.98,0.215,86.26,42.97,32.62
PO1116,2024-04-26,Morning,Insect Oil,1016,582,1729,74,M05,6,1184,127,56,12,628,93.24,89.18,0.225,84.27,41.34,24.41
PO1117,2024-04-27,Night,Insect Oil,1364,1382,1034,102,M05,5,2194,162,71,7,937,75.12,70.8,0.118,94.67,44.35,40.32
PO1118,2024-04-28,Night,Protein Meal,1641,763,658,23,M04,0,1351,184,130,11,1250,89.95,74.34,0.271,69.73,40.71,33.54
PO1119,2024-04-29,Evening,Biofertilizer,1305,438,1044,59,M02,0,2137,84,259,9,1721,88.46,70.66,0.226,77.44,54.23,23.28
PO1120,2024-04-30,Morning,Insect Oil,1682,896,637,45,M03,2,2072,188,290,7,2758,71.59,80.48,0.291,71.53,41.26,39.15
PO1121,2024-05-01,Night,Biofertilizer,1314,1772,656,18,M02,0,959,158,218,5,1401,79.68,79.87,0.221,75.42,36.96,43.31
PO1122,2024-05-02,Evening,Protein Meal,727,1381,1263,67,M01,5,1418,82,123,12,2592,77.07,81.46,0.137,89.99,45.54,43.68
PO1123,2024-05-03,Night,Biofertilizer,715,1320,1011,89,M02,4,629,94,187,7,1802,77.61,68.04,0.262,83.95,36.14,29.23
PO1124,2024-05-04,Night,Protein Meal,1447,1121,898,101,M01,4,707,180,234,6,1933,94.57,69.47,0.143,90.89,37.21,23.39
PO1125,2024-05-05,Morning,Protein Meal,514,1584,1725,41,M01,0,1443,31,184,5,890,86.07,63.76,0.318,67.12,39.39,32.96
PO1126,2024-05-06,Night,Biofertilizer,1680,415,661,31,M03,3,1316,65,289,8,1567,87.94,79.67,0.253,90.57,44.29,22.82
PO1127,2024-05-07,Morning,Protein Meal,1784,892,1222,38,M04,3,1490,186,174,12,526,94.42,61.19,0.139,62.09,43.67,43.35
PO1128,2024-05-08,Night,Protein Meal,1680,1531,1432,108,M02,4,1559,115,99,7,1047,79.43,77.93,0.341,91.1,50.99,24.59
PO1129,2024-05-09,Evening,Biofertilizer,546,1293,1273,109,M01,1,2068,137,279,5,1066,90.05,86.09,0.23,71.52,49.79,26.32
PO1130,2024-05-10,Night,Biofertilizer,823,710,1104,35,M02,1,1492,129,268,8,1203,80.86,86.72,0.118,71.01,43.53,30.17
PO1131,2024-05-11,Morning,Insect Oil,1343,1138,384,103,M04,4,2061,193,101,13,1742,91.74,73.47,0.257,77.92,41.67,29.58
PO1132,2024-05-12,Morning,Insect Oil,629,1593,794,100,M04,3,1331,59,210,5,684,74.52,73.78,0.163,92.92,41.33,39.87
PO1133,2024-05-13,Evening,Protein Meal,1934,945,442,96,M05,6,1205,16,50,6,2090,93.69,62.31,0.301,61.67,50.48,31.41
PO1134,2024-05-14,Night,Protein Meal,594,813,1580,35,M04,2,1056,95,285,13,2413,75.47,80.12,0.304,72.33,36.04,24.27
PO1135,2024-05-15,Night,Protein Meal,1126,650,702,2,M03,2,1214,143,230,6,1347,78.16,84.64,0.345,89.98,35.26,26.68
PO1136,2024-05-16,Evening,Insect Oil,1254,1158,1252,72,M01,3,1297,15,237,7,1098,88.9,67.34,0.225,73.86,50.91,32.73
PO1137,2024-05-17,Night,Insect Oil,1815,1564,1705,7,M05,5,2118,45,211,11,1305,79.84,72.64,0.214,66.97,44.54,23.69
PO1138,2024-05-18,Night,Insect Oil,1293,1697,1211,96,M03,5,1273,166,53,7,1857,85.21,85.17,0.288,74.87,37.62,35.29
PO1139,2024-05-19,Morning,Insect Oil,1806,1462,508,69,M02,3,1870,158,194,13,2626,81.11,86.31,0.133,73.49,39.71,34.14
PO1140,2024-05-20,Night,Protein Meal,568,1213,1306,40,M01,4,1142,106,181,10,2378,88.56,67.3,0.237,92.04,53.65,37.87
PO1141,2024-05-21,Night,Protein Meal,510,428,373,102,M04,6,2187,87,220,7,2960,75.71,76.52,0.237,86.67,52.19,43.44
PO1142,2024-05-22,Evening,Protein Meal,1777,1357,753,67,M01,1,1456,128,295,13,1045,71.46,65.77,0.122,77.68,49.2,42.81
PO1143,2024-05-23,Evening,Insect Oil,1371,876,1154,12,M02,4,1496,138,267,5,2132,77.5,63.06,0.204,94.59,44.64,43.65
PO1144,2024-05-24,Morning,Protein Meal,1049,717,865,48,M05,2,2062,118,53,14,2716,81.86,87.33,0.313,76.28,45.41,26.12
PO1145,2024-05-25,Night,Biofertilizer,1657,644,1081,59,M05,1,877,84,50,7,2579,74.2,84.62,0.314,62.04,54.5,23.29
PO1146,2024-05-26,Night,Protein Meal,1211,1147,1737,1,M05,6,1151,3,120,5,2834,78.87,82.8,0.125,69.18,54.32,27.56
PO1147,2024-05-27,Night,Protein Meal,522,1096,881,59,M04,4,710,70,271,6,2426,80.0,61.46,0.123,75.26,39.31,42.38
PO1148,2024-05-28,Morning,Protein Meal,1314,671,1305,4,M03,2,984,153,227,12,1116,71.43,85.31,0.166,65.49,51.22,44.3
PO1149,2024-05-29,Morning,Insect Oil,845,1662,501,43,M03,3,1360,110,250,11,2817,84.58,73.14,0.319,93.16,38.94,41.48
PO1150,2024-05-30,Evening,Insect Oil,801,776,1296,26,M01,7,1814,49,238,6,1703,92.11,70.27,0.132,86.84,39.27,22.75
PO1151,2024-05-31,Morning,Protein Meal,862,665,957,31,M04,2,2113,139,84,6,2259,73.79,76.39,0.28,69.39,48.52,43.69
PO1152,2024-06-01,Night,Protein Meal,895,1325,769,20,M05,2,1293,94,57,13,725,84.95,62.74,0.125,80.68,43.1,30.58
PO1153,2024-06-02,Night,Insect Oil,717,1320,1623,7,M05,3,2049,91,201,10,1169,86.62,82.7,0.256,85.25,53.63,20.23
PO1154,2024-06-03,Morning,Protein Meal,640,1782,1490,101,M02,0,1004,64,260,9,2263,80.48,77.47,0.189,92.94,36.78,31.06
PO1155,2024-06-04,Night,Biofertilizer,1457,739,1215,71,M02,4,1958,46,85,14,1416,87.53,65.6,0.297,90.86,45.23,21.15
PO1156,2024-06-05,Night,Insect Oil,1733,788,927,49,M05,6,1832,180,227,10,2673,80.27,65.65,0.158,78.03,53.37,33.6
PO1157,2024-06-06,Morning,Protein Meal,1484,976,684,66,M05,4,621,105,293,13,2621,82.62,65.53,0.26,87.11,53.08,28.46
PO1158,2024-06-07,Morning,Protein Meal,1492,402,1281,117,M04,1,1277,198,172,11,1714,70.18,61.71,0.159,79.68,38.13,31.84
PO1159,2024-06-08,Night,Biofertilizer,1327,1565,644,43,M03,3,1210,129,92,14,2205,87.29,77.63,0.278,79.34,42.33,35.33
PO1160,2024-06-09,Night,Protein Meal,1182,775,1104,57,M02,1,1831,105,76,14,2342,86.53,85.21,0.318,64.02,47.38,41.72
PO1161,2024-06-10,Night,Protein Meal,1983,723,1744,2,M03,2,607,23,81,13,2483,70.96,60.52,0.132,64.41,38.19,36.55
PO1162,2024-06-11,Evening,Biofertilizer,1503,545,535,85,M04,2,1301,3,127,8,555,79.21,61.47,0.317,78.53,54.36,30.85
PO1163,2024-06-12,Evening,Biofertilizer,855,692,1619,69,M05,2,1128,107,170,6,1219,94.48,77.18,0.248,69.41,53.29,40.49
PO1164,2024-06-13,Evening,Biofertilizer,1507,831,986,1,M03,4,1201,18,195,12,2579,80.52,84.58,0.132,60.74,38.34,42.64
PO1165,2024-06-14,Morning,Insect Oil,1847,1104,1641,86,M05,7,1256,153,205,8,1073,82.55,69.8,0.207,85.3,37.42,22.99
PO1166,2024-06-15,Evening,Protein Meal,1656,1348,1610,43,M05,1,765,39,206,13,1166,92.75,70.49,0.14,61.14,36.71,33.3
PO1167,2024-06-16,Morning,Protein Meal,1387,984,879,1,M01,5,1448,49,65,8,783,87.93,77.89,0.275,80.83,53.19,27.11
PO1168,2024-06-17,Morning,Insect Oil,626,798,370,101,M03,4,1095,170,148,12,2244,84.55,68.23,0.29,78.87,38.87,21.18
PO1169,2024-06-18,Evening,Insect Oil,1629,1216,1260,80,M03,4,1189,74,96,13,2734,89.95,60.8,0.126,93.91,43.33,36.71
PO1170,2024-06-19,Evening,Protein Meal,1508,1767,1216,34,M05,5,1028,194,236,13,997,91.61,82.06,0.227,76.95,43.98,41.57
PO1171,2024-06-20,Evening,Biofertilizer,1103,1363,1143,97,M04,4,1373,11,80,14,1965,81.42,78.77,0.304,62.23,46.98,24.07
PO1172,2024-06-21,Night,Protein Meal,1901,1563,449,86,M01,5,762,194,53,8,629,81.88,77.42,0.334,79.31,36.43,40.31
PO1173,2024-06-22,Evening,Protein Meal,1513,586,1101,29,M05,5,965,26,214,5,1138,79.65,82.25,0.228,89.44,39.54,41.33
PO1174,2024-06-23,Night,Protein Meal,550,460,827,115,M02,3,2149,112,66,7,2661,94.17,80.26,0.338,94.89,53.63,42.86
PO1175,2024-06-24,Morning,Protein Meal,1552,1338,1671,7,M02,6,1862,181,88,13,2560,87.43,66.18,0.234,75.06,53.17,26.63
PO1176,2024-06-25,Night,Protein Meal,1985,1109,1289,21,M01,6,671,193,97,8,2991,72.08,70.57,0.199,71.21,50.63,42.6
PO1177,2024-06-26,Evening,Protein Meal,1819,1206,875,43,M04,4,2068,48,223,9,2994,91.57,63.78,0.312,91.73,35.39,28.02
PO1178,2024-06-27,Morning,Protein Meal,1820,1742,683,57,M05,5,1254,143,267,11,1485,82.01,63.9,0.223,66.69,41.54,33.81
PO1179,2024-06-28,Morning,Insect Oil,1278,1725,351,35,M03,3,2132,129,225,9,1492,71.72,80.29,0.218,81.54,47.56,21.26
PO1180,2024-06-29,Morning,Insect Oil,1930,1767,724,68,M01,0,868,59,88,8,2621,83.74,85.76,0.223,74.2,40.5,21.1
PO1181,2024-06-30,Night,Insect Oil,1313,410,642,76,M04,0,1014,181,282,6,600,80.43,88.88,0.312,61.44,53.19,38.01
PO1182,2024-07-01,Evening,Biofertilizer,1928,1485,1186,92,M03,7,1868,29,181,6,2723,91.94,78.85,0.308,72.16,47.68,31.11
PO1183,2024-07-02,Morning,Protein Meal,1869,625,1354,30,M02,3,1615,83,79,8,926,75.1,65.52,0.201,69.28,36.44,26.41
PO1184,2024-07-03,Morning,Protein Meal,919,1576,902,46,M02,8,1274,165,207,14,540,90.66,63.17,0.183,84.01,53.18,24.76
PO1185,2024-07-04,Morning,Biofertilizer,1705,963,667,54,M03,2,1683,27,71,14,928,83.94,84.39,0.223,93.21,54.16,36.75
PO1186,2024-07-05,Night,Protein Meal,1482,1171,730,79,M01,4,605,24,252,13,843,71.37,77.36,0.243,69.38,36.55,20.01
PO1187,2024-07-06,Night,Biofertilizer,1324,1733,363,105,M02,3,1581,95,115,12,865,94.3,78.55,0.16,88.4,45.65,40.15
PO1188,2024-07-07,Evening,Protein Meal,1524,1284,853,61,M05,5,1169,124,157,7,1108,82.82,83.44,0.298,61.94,41.07,21.98
PO1189,2024-07-08,Night,Biofertilizer,1066,1666,580,29,M03,2,1006,9,61,13,1227,77.27,81.1,0.222,78.83,42.86,24.79
PO1190,2024-07-09,Morning,Protein Meal,870,1789,1457,54,M03,0,1840,187,271,9,2776,81.74,85.03,0.184,62.47,38.59,29.66
PO1191,2024-07-10,Evening,Biofertilizer,1435,1753,479,15,M02,1,625,41,85,7,1324,91.45,61.69,0.127,92.69,46.56,32.12
PO1192,2024-07-11,Morning,Insect Oil,1160,1530,1187,11,M01,4,1628,39,67,9,1875,77.62,82.43,0.16,86.82,54.16,28.87
PO1193,2024-07-12,Morning,Biofertilizer,1954,625,1518,16,M05,5,1585,76,139,14,1388,74.82,85.53,0.337,83.03,45.06,28.02
PO1194,2024-07-13,Night,Protein Meal,1468,1224,1240,15,M01,4,2155,104,230,8,2543,73.23,68.58,0.176,88.84,36.66,44.1
PO1195,2024-07-14,Evening,Insect Oil,1832,617,377,11,M04,3,989,117,248,12,1841,77.45,79.21,0.142,82.66,47.4,36.04
PO1196,2024-07-15,Night,Biofertilizer,1660,1336,415,7,M04,4,1309,41,50,9,1796,89.5,69.42,0.215,93.91,41.8,20.59
PO1197,2024-07-16,Night,Insect Oil,701,1152,1536,83,M02,7,1170,46,176,14,616,81.79,88.74,0.177,84.99,52.12,30.75
PO1198,2024-07-17,Evening,Insect Oil,1959,905,1602,2,M02,2,2071,164,235,12,2915,75.69,61.0,0.109,92.36,43.69,41.88
PO1199,2024-07-18,Morning,Insect Oil,812,658,610,15,M02,1,1353,21,139,13,1617,74.15,77.39,0.181,78.1,38.86,27.54
PO1200,2024-07-19,Morning,Protein Meal,616,453,809,29,M04,4,745,184,136,8,667,78.32,65.0,0.236,64.1,38.82,22.36
PO1201,2024-07-20,Evening,Insect Oil,1436,1470,650,108,M01,2,2011,106,139,11,2238,93.5,81.37,0.238,78.49,50.38,38.96
PO1202,2024-07-21,Morning,Insect Oil,1074,1126,1268,22,M01,5,1384,26,286,6,1864,78.58,65.28,0.189,64.44,40.31,35.15
PO1203,2024-07-22,Evening,Biofertilizer,743,1088,1676,91,M02,0,1872,40,183,10,1194,94.7,67.06,0.212,80.74,50.34,34.26
PO1204,2024-07-23,Evening,Protein Meal,1036,1522,636,114,M05,4,1125,79,119,12,1424,82.13,74.83,0.341,76.89,39.12,21.34
PO1205,2024-07-24,Night,Protein Meal,574,1443,1383,103,M01,1,2085,161,93,11,651,74.48,87.45,0.194,81.79,41.43,23.51
PO1206,2024-07-25,Evening,Biofertilizer,885,818,979,117,M04,3,612,159,249,11,1085,92.28,66.35,0.165,60.35,44.31,35.56
PO1207,2024-07-26,Night,Biofertilizer,1733,1089,619,4,M03,0,1502,88,201,12,1412,81.51,64.33,0.161,66.82,53.86,25.2
PO1208,2024-07-27,Morning,Protein Meal,974,1249,941,83,M03,2,983,65,135,11,2821,87.74,82.77,0.214,77.2,53.63,32.6
PO1209,2024-07-28,Morning,Insect Oil,917,461,1193,103,M03,2,1155,11,68,9,2077,94.59,75.02,0.29,93.27,39.14,33.62
PO1210,2024-07-29,Morning,Protein Meal,846,1568,1211,119,M05,6,1486,167,150,11,995,71.25,87.35,0.151,73.43,42.16,27.09
PO1211,2024-07-30,Morning,Protein Meal,1139,615,1734,107,M02,1,2022,72,195,14,2648,72.42,64.4,0.277,74.85,37.99,43.71
PO1212,2024-07-31,Night,Protein Meal,1438,402,1630,64,M04,3,618,75,144,7,1056,88.01,79.38,0.105,85.01,45.2,41.06
PO1213,2024-08-01,Morning,Protein Meal,1454,559,482,29,M05,3,1174,89,150,9,1605,77.05,66.99,0.205,81.13,44.21,38.06
PO1214,2024-08-02,Evening,Insect Oil,1375,1180,1649,20,M04,2,2114,9,79,11,2052,74.61,64.7,0.294,70.46,53.02,21.95
PO1215,2024-08-03,Evening,Protein Meal,1262,1543,1321,83,M04,2,1350,95,298,13,2620,70.98,80.5,0.185,74.38,53.6,22.65
PO1216,2024-08-04,Evening,Biofertilizer,1702,1292,862,69,M02,5,1603,175,219,6,656,70.55,77.81,0.241,67.62,42.67,32.32
PO1217,2024-08-05,Night,Biofertilizer,1705,1512,662,21,M03,5,1018,19,82,8,1234,89.36,82.64,0.151,93.81,44.83,24.02
PO1218,2024-08-06,Morning,Insect Oil,1163,728,925,81,M02,1,1960,38,251,11,2679,73.36,69.28,0.285,64.57,52.92,44.46
PO1219,2024-08-07,Morning,Insect Oil,524,979,1235,71,M05,2,1018,59,278,5,1927,81.69,73.44,0.113,73.01,51.13,23.96
PO1220,2024-08-08,Morning,Protein Meal,1703,1780,1657,102,M05,2,721,65,61,6,1058,85.15,72.16,0.313,60.9,35.07,32.19
PO1221,2024-08-09,Night,Biofertilizer,1209,1690,1494,31,M05,0,1031,64,167,13,2654,80.71,89.52,0.15,67.76,41.4,29.1
PO1222,2024-08-10,Evening,Insect Oil,1684,1351,1480,32,M02,1,643,178,143,14,2812,70.68,68.77,0.319,87.32,43.44,35.98
PO1223,2024-08-11,Evening,Protein Meal,676,1746,1036,116,M04,2,1940,123,204,11,654,89.59,68.84,0.188,67.04,39.59,23.23
PO1224,2024-08-12,Morning,Biofertilizer,784,1034,1577,15,M04,3,980,163,216,14,1496,70.26,70.64,0.281,62.8,38.99,30.76
PO1225,2024-08-13,Evening,Biofertilizer,562,1387,514,75,M01,3,744,151,186,11,2794,89.05,76.94,0.18,76.61,35.76,26.87
PO1226,2024-08-14,Evening,Biofertilizer,1502,1618,654,37,M05,2,1950,154,295,10,1030,92.33,67.57,0.326,60.35,47.87,42.19
PO1227,2024-08-15,Night,Insect Oil,1161,1320,505,115,M04,3,962,129,198,7,2471,80.82,87.46,0.132,62.97,40.25,21.01
PO1228,2024-08-16,Night,Insect Oil,1165,1137,1740,97,M01,2,1673,158,125,14,1228,83.39,67.97,0.145,88.27,36.05,42.84
PO1229,2024-08-17,Night,Protein Meal,655,1755,969,13,M04,4,1688,56,296,7,1677,81.92,86.87,0.223,87.0,39.62,40.82
PO1230,2024-08-18,Night,Biofertilizer,1992,569,1624,35,M05,2,954,77,78,6,653,79.73,63.1,0.12,92.03,51.04,27.44
PO1231,2024-08-19,Morning,Biofertilizer,1572,920,1306,96,M03,7,1399,193,210,10,591,92.19,79.7,0.149,89.91,52.03,39.73
PO1232,2024-08-20,Night,Protein Meal,1466,439,683,22,M05,3,1787,28,284,8,2885,92.35,87.21,0.336,83.91,44.66,20.78
PO1233,2024-08-21,Evening,Protein Meal,1348,1684,1318,113,M02,5,1764,14,239,9,2003,78.4,65.06,0.344,61.83,43.32,44.17
PO1234,2024-08-22,Morning,Protein Meal,1607,1354,860,108,M04,1,1425,11,166,7,2216,85.38,89.05,0.194,87.4,54.56,33.16
PO1235,2024-08-23,Evening,Biofertilizer,1884,1649,1666,65,M04,0,1751,100,64,10,2997,93.17,73.59,0.331,89.59,39.01,27.58
PO1236,2024-08-24,Evening,Biofertilizer,1188,1383,1393,104,M02,2,997,155,51,7,2516,94.05,88.37,0.236,87.97,39.31,29.06
PO1237,2024-08-25,Evening,Protein Meal,647,1547,631,84,M02,5,1479,83,229,12,1286,82.72,80.3,0.167,77.8,40.84,21.66
PO1238,2024-08-26,Night,Insect Oil,841,1374,1146,1,M03,1,1062,124,280,13,772,81.32,69.05,0.276,68.15,38.46,44.73
PO1239,2024-08-27,Night,Protein Meal,975,437,1374,90,M04,1,1407,102,166,8,2527,76.97,65.65,0.265,89.59,42.59,20.98
PO1240,2024-08-28,Morning,Biofertilizer,1586,727,468,72,M04,4,786,23,221,13,676,93.97,69.11,0.347,85.45,53.22,36.37
PO1241,2024-08-29,Morning,Biofertilizer,1883,1674,1408,64,M03,3,1331,148,231,11,1142,73.57,62.79,0.166,94.33,47.31,31.07
PO1242,2024-08-30,Night,Biofertilizer,1060,1599,547,74,M01,4,1813,137,67,7,2398,84.5,64.32,0.268,65.45,43.24,43.72
PO1243,2024-08-31,Evening,Protein Meal,826,1313,834,66,M03,2,2011,109,52,11,1066,77.06,63.14,0.113,67.9,53.69,26.15
PO1244,2024-09-01,Morning,Protein Meal,1664,853,1432,51,M05,4,1028,77,184,5,1165,76.98,72.69,0.128,67.41,35.97,33.3
PO1245,2024-09-02,Night,Protein Meal,1489,436,1186,61,M04,2,1457,100,220,7,1831,80.12,83.87,0.101,87.74,39.21,32.06
PO1246,2024-09-03,Night,Protein Meal,714,1739,1534,22,M02,6,1907,145,259,10,2298,94.97,64.24,0.35,66.54,46.32,37.57
PO1247,2024-09-04,Night,Biofertilizer,934,1372,1358,25,M05,3,836,141,285,8,1569,71.37,63.91,0.301,62.33,47.31,21.7
PO1248,2024-09-05,Evening,Biofertilizer,1451,1195,1040,67,M04,3,1817,161,215,11,2849,84.46,79.3,0.297,94.95,35.79,24.84
PO1249,2024-09-06,Night,Biofertilizer,1222,1372,1579,81,M03,5,1910,127,214,7,907,72.06,65.92,0.227,60.87,43.06,25.36
PO1250,2024-09-07,Night,Biofertilizer,1841,992,1385,54,M05,4,1370,57,235,5,1712,73.86,62.93,0.175,89.23,47.98,38.45
PO1251,2024-09-08,Night,Insect Oil,531,1537,839,5,M04,1,1357,75,210,13,2353,80.99,65.01,0.138,72.79,48.96,24.73
PO1252,2024-09-09,Night,Insect Oil,1169,1463,625,34,M01,4,735,149,157,10,1652,82.76,87.71,0.171,89.46,47.76,34.34
PO1253,2024-09-10,Morning,Biofertilizer,784,1724,1042,21,M01,3,1391,197,236,12,1641,76.47,84.64,0.194,79.41,41.41,25.38
PO1254,2024-09-11,Morning,Biofertilizer,1828,623,591,42,M02,5,770,35,144,7,643,77.91,70.62,0.289,91.56,36.87,41.54
PO1255,2024-09-12,Night,Protein Meal,928,717,1589,14,M04,4,758,172,171,12,2989,72.17,79.67,0.235,92.42,43.54,43.55
PO1256,2024-09-13,Evening,Protein Meal,785,748,1624,85,M01,4,800,163,60,6,986,77.58,76.12,0.119,60.32,37.58,32.96
PO1257,2024-09-14,Morning,Protein Meal,1667,514,475,59,M03,6,2110,21,117,8,1359,94.16,80.31,0.105,62.64,53.95,28.81
PO1258,2024-09-15,Night,Biofertilizer,1947,1097,566,100,M04,4,2180,126,172,7,2435,93.62,80.48,0.126,68.76,44.5,25.85
PO1259,2024-09-16,Morning,Insect Oil,1542,1746,1679,115,M03,1,1561,79,259,14,647,78.37,78.86,0.203,83.43,41.35,21.24
PO1260,2024-09-17,Morning,Protein Meal,517,1463,1558,105,M03,1,1182,188,245,5,1859,84.27,67.98,0.333,91.09,50.33,26.71
PO1261,2024-09-18,Evening,Insect Oil,1268,439,1412,11,M01,1,2127,99,162,11,1857,92.74,61.17,0.259,76.1,44.96,36.36
PO1262,2024-09-19,Night,Insect Oil,1089,1712,1596,110,M04,2,1475,183,147,14,589,70.15,73.67,0.3,81.24,41.2,33.34
PO1263,2024-09-20,Night,Protein Meal,1894,1685,1557,48,M05,3,970,95,142,6,1857,90.27,86.73,0.217,66.6,51.24,43.6
PO1264,2024-09-21,Evening,Protein Meal,1698,615,844,41,M01,3,702,160,265,8,698,93.71,77.08,0.19,88.17,52.34,29.91
PO1265,2024-09-22,Evening,Insect Oil,1509,1570,776,37,M01,3,1601,172,71,13,1037,72.28,84.97,0.127,93.86,48.46,37.35
PO1266,2024-09-23,Night,Insect Oil,693,735,1551,81,M04,3,1748,163,243,10,800,74.04,89.75,0.319,69.4,35.94,32.23
PO1267,2024-09-24,Night,Insect Oil,1001,1591,1268,44,M04,4,1936,147,221,12,1223,94.02,64.91,0.296,77.32,46.33,32.81
PO1268,2024-09-25,Evening,Insect Oil,1487,491,1667,34,M03,3,1575,17,176,6,2098,83.44,80.75,0.142,63.01,50.27,26.69
PO1269,2024-09-26,Morning,Biofertilizer,1636,752,500,29,M04,6,1397,37,183,11,1959,70.35,80.23,0.228,79.57,37.73,31.37
PO1270,2024-09-27,Morning,Insect Oil,613,970,733,87,M03,2,2081,194,219,10,567,76.44,89.4,0.222,77.6,39.57,31.77
PO1271,2024-09-28,Evening,Insect Oil,1745,1215,657,105,M01,3,1853,150,74,13,2037,81.25,89.57,0.256,65.06,52.65,37.67
PO1272,2024-09-29,Morning,Biofertilizer,1446,1180,1709,29,M02,3,1257,108,296,11,897,87.32,80.6,0.337,75.47,35.4,43.52
PO1273,2024-09-30,Evening,Protein Meal,1330,762,1095,77,M05,2,1481,122,234,5,1119,88.33,67.31,0.245,71.69,50.05,28.23
PO1274,2024-10-01,Morning,Protein Meal,1787,956,1241,5,M01,0,1820,143,134,12,2084,94.89,83.96,0.235,78.26,44.48,21.06
PO1275,2024-10-02,Morning,Protein Meal,1424,1768,724,66,M04,2,1332,186,104,14,1663,77.19,63.21,0.113,80.5,43.94,32.41
PO1276,2024-10-03,Night,Insect Oil,554,1593,1381,79,M05,8,1022,196,193,7,1229,83.46,83.42,0.116,60.3,35.14,33.61
PO1277,2024-10-04,Night,Insect Oil,1299,755,1714,6,M02,4,1171,195,144,6,1055,83.33,87.31,0.147,86.64,51.39,24.21
PO1278,2024-10-05,Morning,Insect Oil,1277,590,478,51,M02,3,770,148,191,7,2452,80.14,71.49,0.108,84.96,42.2,39.01
PO1279,2024-10-06,Morning,Protein Meal,1981,821,1364,13,M03,4,2005,103,216,10,2251,74.23,78.92,0.286,72.82,45.82,44.62
PO1280,2024-10-07,Night,Protein Meal,661,1099,1018,72,M05,3,772,197,205,7,2829,94.44,72.9,0.281,61.85,48.55,43.64
PO1281,2024-10-08,Night,Protein Meal,1903,406,1725,14,M03,5,1262,139,273,14,1495,91.33,73.13,0.134,86.42,49.05,24.93
PO1282,2024-10-09,Night,Protein Meal,586,532,1731,20,M01,2,1052,143,269,9,2459,82.46,69.31,0.309,93.43,54.12,41.88
PO1283,2024-10-10,Evening,Insect Oil,554,956,866,34,M05,3,949,80,228,10,2101,85.08,82.86,0.139,68.41,45.63,37.61
PO1284,2024-10-11,Morning,Protein Meal,1999,1225,435,65,M01,5,1093,86,168,12,1980,75.68,88.09,0.175,71.32,42.99,31.35
PO1285,2024-10-12,Night,Protein Meal,1701,1160,1548,90,M03,3,1219,141,226,11,2634,83.59,88.22,0.162,66.43,54.07,33.52
PO1286,2024-10-13,Morning,Biofertilizer,1914,1454,1566,1,M05,3,1627,60,58,12,1602,87.37,65.24,0.193,80.19,47.84,41.24
PO1287,2024-10-14,Evening,Protein Meal,1872,934,660,34,M03,2,1716,198,235,7,2851,82.88,86.24,0.164,65.42,40.96,32.0
PO1288,2024-10-15,Evening,Insect Oil,1531,825,1492,81,M05,2,1518,45,222,8,1903,94.76,82.12,0.222,72.47,37.53,29.33
PO1289,2024-10-16,Night,Insect Oil,1332,1071,1591,77,M03,2,605,31,199,10,2677,85.28,67.59,0.202,84.4,51.85,32.33
PO1290,2024-10-17,Evening,Protein Meal,812,762,776,19,M02,7,887,14,209,11,1799,79.27,62.02,0.347,79.6,42.24,34.48
PO1291,2024-10-18,Morning,Insect Oil,1258,481,463,81,M03,3,1769,43,246,13,2222,89.3,68.04,0.114,73.53,48.21,24.73
PO1292,2024-10-19,Night,Biofertilizer,942,755,1518,9,M02,1,2047,144,264,5,1398,74.26,87.37,0.136,74.71,44.42,42.52
PO1293,2024-10-20,Morning,Biofertilizer,827,1681,652,24,M03,7,1207,168,246,12,1706,79.61,79.0,0.113,79.67,38.98,36.85
PO1294,2024-10-21,Morning,Protein Meal,1577,988,1093,65,M05,8,1056,53,91,12,2035,78.67,81.63,0.256,60.21,47.03,35.83
PO1295,2024-10-22,Evening,Biofertilizer,1260,694,937,24,M05,6,1825,43,102,10,577,80.8,67.71,0.114,62.75,36.21,22.49
PO1296,2024-10-23,Evening,Protein Meal,1762,1647,1336,53,M05,3,1835,97,273,8,2032,89.54,81.58,0.309,90.84,43.27,35.1
PO1297,2024-10-24,Evening,Protein Meal,1752,1469,694,32,M04,4,1629,4,236,7,737,82.1,60.84,0.228,62.73,45.93,23.02
PO1298,2024-10-25,Evening,Protein Meal,1078,1536,1163,35,M01,1,1223,108,123,7,1657,89.85,71.26,0.232,84.74,43.72,21.97
PO1299,2024-10-26,Evening,Biofertilizer,1574,1656,1150,94,M05,2,975,26,88,10,2496,84.41,78.8,0.24,92.2,49.97,33.18
PO1300,2024-10-27,Night,Protein Meal,1506,416,1374,13,M02,2,1046,115,171,12,1715,78.55,64.38,0.143,69.47,51.56,30.07
PO1301,2024-10-28,Morning,Protein Meal,1787,759,1520,64,M05,4,1434,86,64,11,777,90.25,84.69,0.149,72.97,50.42,34.72
PO1302,2024-10-29,Morning,Insect Oil,1941,1646,1660,109,M04,5,1729,103,248,5,1023,75.96,67.05,0.18,79.91,35.78,22.23
PO1303,2024-10-30,Morning,Protein Meal,595,1265,1426,79,M02,0,1410,122,206,10,679,75.61,79.57,0.248,90.86,38.88,30.77
PO1304,2024-10-31,Morning,Protein Meal,1611,1099,1677,53,M04,1,2024,78,172,11,622,82.61,72.16,0.153,92.97,45.73,24.37
PO1305,2024-11-01,Evening,Protein Meal,1601,847,1442,109,M02,4,1719,42,160,11,1769,76.52,77.88,0.129,85.88,53.7,44.68
PO1306,2024-11-02,Morning,Protein Meal,1811,1255,710,51,M03,0,2011,96,180,13,2257,70.23,63.22,0.343,63.03,51.7,34.03
PO1307,2024-11-03,Night,Protein Meal,1643,764,1593,2,M01,5,1558,30,132,14,1594,86.21,60.51,0.105,83.42,51.85,37.19
PO1308,2024-11-04,Night,Protein Meal,1313,1074,1359,98,M01,2,2075,98,59,9,979,82.78,87.29,0.301,74.36,41.06,28.14
PO1309,2024-11-05,Morning,Insect Oil,990,1407,1053,40,M04,0,1448,16,141,5,2297,81.14,68.09,0.297,76.47,43.59,22.37
PO1310,2024-11-06,Morning,Protein Meal,951,1749,924,5,M01,4,1408,82,78,6,2631,94.17,84.59,0.174,61.72,44.41,44.4
PO1311,2024-11-07,Night,Protein Meal,664,866,1534,24,M04,2,1578,109,256,8,2904,84.28,89.98,0.134,66.69,38.15,27.16
PO1312,2024-11-08,Night,Biofertilizer,681,813,1462,12,M04,3,1015,181,84,9,1315,91.59,66.34,0.136,87.67,35.62,30.6
PO1313,2024-11-09,Evening,Protein Meal,968,985,1037,116,M04,2,1325,189,55,13,942,73.49,67.96,0.274,75.89,53.94,36.25
PO1314,2024-11-10,Night,Insect Oil,1409,1656,1130,97,M01,4,2127,31,189,5,642,84.23,79.89,0.261,70.56,39.81,20.62
PO1315,2024-11-11,Evening,Protein Meal,1234,1647,934,7,M04,4,1053,167,160,7,691,91.7,88.96,0.296,73.44,39.8,40.26
PO1316,2024-11-12,Evening,Protein Meal,1322,1393,938,20,M01,2,1914,140,87,9,1910,84.58,87.47,0.334,89.9,36.67,33.41
PO1317,2024-11-13,Evening,Protein Meal,1443,971,1532,97,M04,7,2157,34,126,7,877,87.95,75.09,0.273,86.21,53.57,26.96
PO1318,2024-11-14,Evening,Protein Meal,506,734,838,67,M05,4,1816,132,142,8,1034,79.3,83.85,0.139,69.53,46.59,21.54
PO1319,2024-11-15,Evening,Protein Meal,829,1645,1320,24,M04,4,749,28,196,7,2216,72.31,64.07,0.161,64.11,48.34,24.06
PO1320,2024-11-16,Morning,Protein Meal,1274,436,1697,78,M02,5,1358,69,116,8,1532,81.45,89.32,0.311,68.82,53.23,42.38
PO1321,2024-11-17,Night,Protein Meal,650,1388,1475,67,M04,7,1378,152,185,5,1910,79.86,88.93,0.152,92.23,41.91,37.15
PO1322,2024-11-18,Evening,Protein Meal,1608,677,843,44,M03,2,1572,94,57,12,2640,91.68,64.91,0.118,80.36,47.43,26.25
PO1323,2024-11-19,Night,Protein Meal,646,1619,368,59,M04,7,1362,21,296,8,2489,76.1,68.98,0.276,78.67,35.78,21.64
PO1324,2024-11-20,Night,Protein Meal,1904,1315,746,11,M02,4,1601,193,171,11,1677,94.17,63.0,0.201,80.87,38.74,37.27
PO1325,2024-11-21,Evening,Protein Meal,1414,883,1350,31,M02,9,2138,172,133,6,904,93.95,68.15,0.33,72.81,51.62,34.31
PO1326,2024-11-22,Morning,Insect Oil,1808,1665,1652,95,M01,3,2016,68,224,6,1672,76.19,84.48,0.263,88.25,50.34,30.11
PO1327,2024-11-23,Evening,Insect Oil,1199,1747,1200,91,M05,4,1939,88,181,10,1388,78.7,71.35,0.123,78.32,42.01,29.09
PO1328,2024-11-24,Morning,Protein Meal,581,1130,1738,12,M04,1,675,71,228,6,921,92.39,62.65,0.337,64.09,42.54,25.42
PO1329,2024-11-25,Night,Insect Oil,1013,591,1704,30,M01,0,1198,128,134,10,2141,94.17,70.27,0.165,64.52,45.67,36.74
PO1330,2024-11-26,Morning,Insect Oil,1314,1440,1717,77,M05,0,1893,171,244,6,971,81.09,89.44,0.184,78.79,35.0,44.27
PO1331,2024-11-27,Morning,Protein Meal,1208,923,1171,19,M04,3,824,86,94,8,1046,78.02,78.89,0.201,92.78,39.82,24.39
PO1332,2024-11-28,Morning,Biofertilizer,1245,1317,804,17,M03,1,2153,95,185,11,1130,83.15,72.48,0.113,70.79,39.16,34.93
PO1333,2024-11-29,Night,Biofertilizer,1522,800,1074,92,M04,4,712,74,136,12,1537,87.19,65.0,0.224,90.43,40.01,30.6
PO1334,2024-11-30,Night,Protein Meal,1909,1285,1438,59,M02,3,850,166,65,7,2329,76.84,89.59,0.131,86.74,51.12,31.17
PO1335,2024-12-01,Morning,Protein Meal,1206,1104,1449,62,M02,4,1856,53,126,13,863,88.41,84.63,0.2,68.67,40.59,26.35
PO1336,2024-12-02,Morning,Biofertilizer,970,421,1060,5,M03,4,1440,87,244,6,2666,71.29,68.44,0.188,61.27,38.83,40.63
PO1337,2024-12-03,Evening,Insect Oil,1642,873,492,31,M01,7,1313,156,289,12,1045,71.23,62.1,0.293,63.56,45.09,32.13
PO1338,2024-12-04,Morning,Protein Meal,895,1543,1266,92,M05,3,1706,53,58,12,1133,79.66,61.7,0.301,85.5,52.31,33.59
PO1339,2024-12-05,Evening,Protein Meal,760,609,1177,42,M04,2,724,15,109,8,2436,78.84,63.61,0.138,66.99,39.83,27.62
PO1340,2024-12-06,Morning,Protein Meal,1304,705,954,1,M02,4,1798,98,127,5,2180,77.89,77.42,0.192,72.99,36.57,24.55
PO1341,2024-12-07,Evening,Protein Meal,1433,1693,654,59,M01,0,1692,19,126,5,1462,82.28,87.86,0.193,77.56,42.13,22.15
PO1342,2024-12-08,Night,Insect Oil,1779,1103,1085,22,M03,3,1670,45,294,6,1382,78.02,74.9,0.138,85.39,49.95,37.85
PO1343,2024-12-09,Morning,Protein Meal,1404,1086,640,82,M02,1,1483,194,298,13,1370,74.81,85.29,0.3,63.96,46.01,24.91
PO1344,2024-12-10,Morning,Protein Meal,1749,684,451,30,M03,2,1879,192,120,6,1015,77.74,73.38,0.277,74.22,51.34,37.25
PO1345,2024-12-11,Morning,Insect Oil,1576,1115,1640,114,M04,8,629,126,64,6,1920,94.37,81.26,0.148,76.98,54.19,29.76
PO1346,2024-12-12,Morning,Protein Meal,1439,1162,1216,4,M05,2,880,57,120,10,1365,80.28,81.96,0.192,78.93,50.85,30.39
PO1347,2024-12-13,Evening,Protein Meal,1353,1650,1317,82,M02,1,1523,180,151,11,2653,81.12,65.22,0.126,88.64,47.08,31.73
PO1348,2024-12-14,Morning,Insect Oil,1887,1347,1323,33,M02,3,1860,110,275,11,1608,84.41,70.84,0.257,66.01,44.87,29.19
PO1349,2024-12-15,Night,Biofertilizer,1803,780,1191,9,M04,6,1871,128,218,13,713,94.58,79.12,0.13,88.27,35.8,22.52
PO1350,2024-12-16,Night,Insect Oil,1092,859,1311,88,M01,2,967,80,71,10,2744,76.04,62.12,0.346,84.25,54.69,27.74
PO1351,2024-12-17,Morning,Insect Oil,1213,1430,1291,1,M05,5,1094,193,201,12,518,87.03,70.85,0.295,79.46,42.67,36.59
PO1352,2024-12-18,Night,Protein Meal,1681,428,1376,10,M02,1,1648,156,162,10,1141,87.9,76.04,0.198,84.48,38.04,36.64
PO1353,2024-12-19,Morning,Protein Meal,1131,1306,434,49,M05,4,1317,83,278,6,1604,85.18,89.89,0.245,74.42,48.33,27.16
PO1354,2024-12-20,Morning,Insect Oil,558,1456,677,30,M02,3,2113,69,221,5,829,72.21,74.24,0.328,64.84,40.69,31.5
PO1355,2024-12-21,Night,Protein Meal,627,1278,1165,55,M05,1,1616,7,50,9,1365,86.92,84.48,0.239,83.3,46.72,24.84
PO1356,2024-12-22,Morning,Protein Meal,1235,478,803,78,M03,2,2117,28,59,13,1273,71.6,72.96,0.144,78.36,46.74,25.26
PO1357,2024-12-23,Night,Protein Meal,1220,1346,978,72,M02,3,1937,111,284,12,891,84.9,83.89,0.195,82.38,43.91,20.58
PO1358,2024-12-24,Evening,Protein Meal,1638,858,1594,86,M05,0,1205,178,257,8,1136,88.49,77.86,0.311,71.83,51.72,42.42
PO1359,2024-12-25,Morning,Protein Meal,1732,969,1527,82,M01,1,974,160,159,9,2854,75.27,86.6,0.261,91.74,40.3,25.27
PO1360,2024-12-26,Evening,Protein Meal,1025,1137,1014,8,M03,2,1238,130,249,9,1525,91.04,72.33,0.263,80.56,43.97,25.69
PO1361,2024-12-27,Night,Protein Meal,1020,1708,361,98,M03,3,1648,187,233,10,2174,70.76,78.13,0.317,62.99,45.75,26.99
PO1362,2024-12-28,Evening,Protein Meal,1051,915,1506,20,M01,4,1957,162,162,7,1239,91.1,78.9,0.323,75.74,48.27,23.19
PO1363,2024-12-29,Evening,Biofertilizer,736,1522,653,72,M05,2,1978,196,266,9,2045,81.51,72.52,0.33,86.47,50.68,35.98
PO1364,2024-12-30,Night,Insect Oil,1804,796,1666,27,M04,4,715,107,99,6,968,75.44,64.33,0.124,87.79,42.9,21.88
PO1365,2024-12-31,Evening,Insect Oil,1882,438,1324,61,M01,3,647,108,61,14,2759,73.34,62.81,0.236,77.31,47.92,23.36
PO1366,2025-01-01,Evening,Insect Oil,1724,1694,1673,109,M05,4,698,19,138,5,1635,93.83,60.5,0.285,91.32,38.01,36.12
PO1367,2025-01-02,Night,Protein Meal,1801,1286,1132,114,M01,3,2082,72,258,5,1531,71.82,86.21,0.289,69.37,53.65,28.49
PO1368,2025-01-03,Evening,Protein Meal,1758,1196,392,6,M01,4,2146,166,237,14,1373,74.98,67.09,0.252,74.37,42.66,37.7
PO1369,2025-01-04,Night,Insect Oil,993,556,1293,79,M02,0,1004,3,203,11,959,78.7,66.35,0.142,91.45,49.59,33.94
PO1370,2025-01-05,Evening,Insect Oil,503,1498,692,15,M05,4,1837,18,287,6,2800,85.51,82.08,0.299,91.37,35.41,26.4
PO1371,2025-01-06,Night,Insect Oil,1165,1283,1699,96,M04,5,1284,101,161,8,2049,83.62,69.6,0.28,84.0,39.1,36.27
PO1372,2025-01-07,Night,Protein Meal,941,1553,847,3,M02,2,1502,172,127,9,1251,73.14,75.18,0.122,90.06,44.74,22.91
PO1373,2025-01-08,Evening,Protein Meal,528,1373,713,3,M01,7,1102,170,218,11,1961,77.24,64.88,0.216,63.11,52.57,33.41
PO1374,2025-01-09,Evening,Protein Meal,1632,1507,1240,102,M01,6,2071,140,213,6,2277,75.97,88.79,0.143,90.27,45.55,30.93
PO1375,2025-01-10,Evening,Protein Meal,1109,1445,776,39,M01,2,1493,140,170,10,1353,75.34,85.55,0.184,71.22,53.6,26.7
PO1376,2025-01-11,Morning,Insect Oil,1304,1248,1354,16,M05,6,2199,187,72,5,2783,80.28,85.91,0.105,66.24,44.68,35.1
PO1377,2025-01-12,Morning,Insect Oil,574,1147,370,100,M05,5,857,184,220,11,1829,87.6,72.2,0.2,68.38,44.81,41.78
PO1378,2025-01-13,Morning,Protein Meal,1337,1388,756,102,M02,4,1443,85,183,13,977,75.44,82.87,0.237,74.63,37.39,44.97
PO1379,2025-01-14,Night,Biofertilizer,1669,420,968,51,M04,3,720,51,288,9,2763,79.17,64.32,0.255,68.79,51.05,35.19
PO1380,2025-01-15,Evening,Insect Oil,627,702,1364,92,M02,3,1409,110,246,9,634,79.77,60.26,0.266,71.22,39.94,30.12
PO1381,2025-01-16,Night,Protein Meal,541,1268,685,51,M03,2,1577,180,220,8,1652,94.41,60.6,0.309,64.72,52.99,25.63
PO1382,2025-01-17,Morning,Protein Meal,1879,483,1490,35,M01,2,653,108,74,7,909,93.87,77.6,0.154,70.37,53.22,26.43
PO1383,2025-01-18,Evening,Protein Meal,540,1680,1497,37,M01,7,1618,85,67,13,1945,90.0,73.66,0.13,80.03,53.87,31.99
PO1384,2025-01-19,Night,Protein Meal,1433,969,748,102,M01,7,1954,42,239,9,1817,76.04,75.54,0.313,75.46,45.4,29.18
PO1385,2025-01-20,Evening,Protein Meal,533,1333,1142,49,M02,4,1383,199,190,12,1769,71.7,60.22,0.139,72.14,48.54,42.85
PO1386,2025-01-21,Night,Protein Meal,1540,1585,1064,62,M02,3,840,199,92,13,2079,77.92,72.68,0.344,86.13,50.57,29.21
PO1387,2025-01-22,Evening,Protein Meal,1676,1586,400,100,M01,3,2153,41,127,9,585,76.67,81.54,0.311,91.27,37.62,29.34
PO1388,2025-01-23,Morning,Protein Meal,1497,1408,673,115,M02,6,1082,89,77,14,2365,82.65,73.28,0.225,86.49,47.02,29.59
PO1389,2025-01-24,Morning,Biofertilizer,1901,1192,1138,62,M05,5,1612,114,195,13,1969,89.44,81.97,0.345,71.62,35.69,40.92
PO1390,2025-01-25,Evening,Protein Meal,1087,1191,490,61,M05,2,786,25,108,6,877,91.46,66.99,0.124,86.06,44.95,36.27
PO1391,2025-01-26,Night,Insect Oil,841,1694,819,98,M02,3,1255,150,237,13,2180,91.12,84.39,0.176,65.32,38.1,35.35
PO1392,2025-01-27,Morning,Protein Meal,526,891,1136,6,M01,6,861,42,112,8,1574,78.99,77.65,0.26,64.56,38.66,28.35
PO1393,2025-01-28,Morning,Biofertilizer,1810,607,1707,26,M02,1,1552,76,234,10,741,87.18,66.32,0.188,72.1,42.3,40.45
PO1394,2025-01-29,Morning,Protein Meal,1145,1483,1313,91,M02,2,1987,155,141,10,1419,77.82,67.1,0.332,88.27,43.65,20.96
PO1395,2025-01-30,Evening,Protein Meal,1230,829,1357,85,M02,1,1090,136,228,10,2086,71.52,78.84,0.116,68.62,47.46,41.77
PO1396,2025-01-31,Evening,Biofertilizer,667,1384,722,13,M03,3,1030,19,105,6,2813,87.54,84.9,0.237,62.21,36.49,32.82
PO1397,2025-02-01,Night,Biofertilizer,1109,1732,843,70,M05,4,838,183,204,11,1771,70.25,72.47,0.248,64.61,45.07,29.96
PO1398,2025-02-02,Night,Biofertilizer,767,919,1100,100,M04,5,903,38,209,10,569,80.23,67.75,0.263,90.06,38.65,32.43
PO1399,2025-02-03,Night,Protein Meal,1320,990,1529,85,M04,3,897,178,160,5,2604,78.23,86.01,0.164,82.18,46.48,36.69
